{"cameraMode":{"drawMode":0,"name":"Shaded","section":"Shading Mode"},"sceneLighting":true,"audioPlay":false,"sceneViewState":{"m_AlwaysRefresh":false,"showFog":true,"showSkybox":true,"showFlares":true,"showImageEffects":true,"showParticleSystems":true,"showVisualEffectGraphs":true,"m_FxEnabled":true},"in2DMode":false,"pivot":{"x":2.1640567779541017,"y":-0.6460349559783936,"z":6.7794294357299809},"rotation":{"x":0.03449281305074692,"y":0.0044973064213991169,"z":-0.00015521864406764507,"w":0.9993947148323059},"size":7.0692033767700199,"orthographic":true}